Feature,Importance
Day_Pattern,1.3192013430468978
Activity_Level,1.3148812316380782
Time_OfDay,0.1105069870806046
Spatial_Centrality,0.014053870152112881
Spatial_NorthSouth,0.008934941284186926
Season,0.0063239941366648586
Crime_Intensity,0.0057439956575300105
Spatial_EastWest,0.002763844111420985
Administrative_Zone,0.0004955692381754971
